-- ========================================
-- SCRIPT TẠO DATABASE QUẢN LÝ HỌC SINH
-- PostgreSQL
-- ========================================

-- Tạo database (chạy riêng nếu cần)
-- CREATE DATABASE student_management;

-- ========== BẢNG NĂM HỌC ==========
CREATE TABLE IF NOT EXISTS NAMHOC (
    MaNamHoc VARCHAR(20) PRIMARY KEY,
    TenNamHoc VARCHAR(50) NOT NULL
);

-- ========== BẢNG HỌC KỲ ==========
CREATE TABLE IF NOT EXISTS HOCKY (
    MaHocKy VARCHAR(10) PRIMARY KEY,
    TenHocKy VARCHAR(50) NOT NULL
);

-- ========== BẢNG KHỐI LỚP ==========
CREATE TABLE IF NOT EXISTS KHOILOP (
    MaKhoiLop VARCHAR(10) PRIMARY KEY,
    TenKhoiLop VARCHAR(50) NOT NULL
);

-- ========== BẢNG LỚP ==========
CREATE TABLE IF NOT EXISTS LOP (
    MaLop VARCHAR(20) PRIMARY KEY,
    TenLop VARCHAR(50) NOT NULL,
    MaKhoiLop VARCHAR(10) REFERENCES KHOILOP(MaKhoiLop),
    SiSo INT DEFAULT 0,
    MaNamHoc VARCHAR(20) REFERENCES NAMHOC(MaNamHoc)
);

-- ========== BẢNG HỌC SINH ==========
CREATE TABLE IF NOT EXISTS HOCSINH (
    MaHocSinh VARCHAR(20) PRIMARY KEY,
    HoTen VARCHAR(100) NOT NULL,
    GioiTinh VARCHAR(10),
    NgaySinh DATE,
    DiaChi VARCHAR(200),
    Email VARCHAR(100)
);

-- ========== BẢNG QUÁ TRÌNH HỌC ==========
CREATE TABLE IF NOT EXISTS QUATRINHHOC (
    MaHocSinh VARCHAR(20) REFERENCES HOCSINH(MaHocSinh) ON DELETE CASCADE,
    MaLop VARCHAR(20) REFERENCES LOP(MaLop) ON DELETE CASCADE,
    PRIMARY KEY (MaHocSinh, MaLop)
);

-- ========== BẢNG MÔN HỌC ==========
CREATE TABLE IF NOT EXISTS MONHOC (
    MaMonHoc VARCHAR(20) PRIMARY KEY,
    TenMonHoc VARCHAR(100) NOT NULL,
    HeSo INT DEFAULT 1
);

-- ========== BẢNG LOẠI HÌNH KIỂM TRA ==========
CREATE TABLE IF NOT EXISTS LOAIHINHKIEMTRA (
    MaLHKT VARCHAR(20) PRIMARY KEY,
    TenLHKT VARCHAR(50) NOT NULL,
    HeSo INT DEFAULT 1
);

-- ========== BẢNG ĐIỂM MÔN ==========
CREATE TABLE IF NOT EXISTS BANGDIEMMON (
    MaBangDiem VARCHAR(50) PRIMARY KEY,
    MaLop VARCHAR(20) REFERENCES LOP(MaLop),
    MaMonHoc VARCHAR(20) REFERENCES MONHOC(MaMonHoc),
    MaHocKy VARCHAR(10) REFERENCES HOCKY(MaHocKy)
);

-- ========== CHI TIẾT BẢNG ĐIỂM - LOẠI HÌNH KIỂM TRA ==========
CREATE TABLE IF NOT EXISTS CT_BANGDIEMMON_LHKT (
    MaBangDiem VARCHAR(50) REFERENCES BANGDIEMMON(MaBangDiem) ON DELETE CASCADE,
    MaLHKT VARCHAR(20) REFERENCES LOAIHINHKIEMTRA(MaLHKT),
    SoCot INT DEFAULT 1,
    PRIMARY KEY (MaBangDiem, MaLHKT)
);

-- ========== CHI TIẾT BẢNG ĐIỂM - HỌC SINH ==========
CREATE TABLE IF NOT EXISTS CT_BANGDIEMMON_HOCSINH (
    MaBangDiem VARCHAR(50) REFERENCES BANGDIEMMON(MaBangDiem) ON DELETE CASCADE,
    MaHocSinh VARCHAR(20) REFERENCES HOCSINH(MaHocSinh) ON DELETE CASCADE,
    MaLHKT VARCHAR(20) REFERENCES LOAIHINHKIEMTRA(MaLHKT),
    Diem DECIMAL(4,2) CHECK (Diem >= 0 AND Diem <= 10),
    PRIMARY KEY (MaBangDiem, MaHocSinh, MaLHKT)
);

-- ========== BẢNG BÁO CÁO TỔNG KẾT MÔN ==========
CREATE TABLE IF NOT EXISTS BAOCAOTONGKETMON (
    MaBaoCao VARCHAR(50) PRIMARY KEY,
    MaMonHoc VARCHAR(20) REFERENCES MONHOC(MaMonHoc),
    MaHocKy VARCHAR(10) REFERENCES HOCKY(MaHocKy)
);

-- ========== CHI TIẾT BÁO CÁO TỔNG KẾT MÔN ==========
CREATE TABLE IF NOT EXISTS CT_BCTKM (
    MaBaoCao VARCHAR(50) REFERENCES BAOCAOTONGKETMON(MaBaoCao) ON DELETE CASCADE,
    MaLop VARCHAR(20) REFERENCES LOP(MaLop),
    SoLuongDat INT DEFAULT 0,
    TiLe DECIMAL(5,2) DEFAULT 0,
    PRIMARY KEY (MaBaoCao, MaLop)
);

-- ========== BẢNG BÁO CÁO TỔNG KẾT HỌC KỲ ==========
CREATE TABLE IF NOT EXISTS BAOCAOTONGKETHOCKY (
    MaBaoCao VARCHAR(50) PRIMARY KEY,
    MaLop VARCHAR(20) REFERENCES LOP(MaLop),
    MaHocKy VARCHAR(10) REFERENCES HOCKY(MaHocKy),
    SoLuongDat INT DEFAULT 0,
    TiLe DECIMAL(5,2) DEFAULT 0
);

-- ========== BẢNG THAM SỐ ==========
CREATE TABLE IF NOT EXISTS THAMSO (
    TenThamSo VARCHAR(50) PRIMARY KEY,
    GiaTri VARCHAR(100)
);


-- ========================================
-- DỮ LIỆU MẪU
-- ========================================

-- Năm học
INSERT INTO NAMHOC VALUES ('2023-2024', '2023–2024') ON CONFLICT DO NOTHING;
INSERT INTO NAMHOC VALUES ('2024-2025', '2024–2025') ON CONFLICT DO NOTHING;
INSERT INTO NAMHOC VALUES ('2025-2026', '2025–2026') ON CONFLICT DO NOTHING;

-- Học kỳ
INSERT INTO HOCKY VALUES ('HK1', 'Học kỳ 1') ON CONFLICT DO NOTHING;
INSERT INTO HOCKY VALUES ('HK2', 'Học kỳ 2') ON CONFLICT DO NOTHING;

-- Khối lớp
INSERT INTO KHOILOP VALUES ('K10', 'Khối 10') ON CONFLICT DO NOTHING;
INSERT INTO KHOILOP VALUES ('K11', 'Khối 11') ON CONFLICT DO NOTHING;
INSERT INTO KHOILOP VALUES ('K12', 'Khối 12') ON CONFLICT DO NOTHING;

-- Lớp
INSERT INTO LOP VALUES ('10A1', 'Lớp 10A1', 'K10', 45, '2024-2025') ON CONFLICT DO NOTHING;
INSERT INTO LOP VALUES ('10A2', 'Lớp 10A2', 'K10', 43, '2024-2025') ON CONFLICT DO NOTHING;
INSERT INTO LOP VALUES ('10A3', 'Lớp 10A3', 'K10', 40, '2024-2025') ON CONFLICT DO NOTHING;
INSERT INTO LOP VALUES ('11A1', 'Lớp 11A1', 'K11', 42, '2024-2025') ON CONFLICT DO NOTHING;
INSERT INTO LOP VALUES ('12A1', 'Lớp 12A1', 'K12', 44, '2024-2025') ON CONFLICT DO NOTHING;

-- Học sinh
INSERT INTO HOCSINH VALUES ('HS001', 'Nguyễn Văn A', 'Nam', '2008-01-01', 'TP. HCM', 'nguyenvana@gmail.com') ON CONFLICT DO NOTHING;
INSERT INTO HOCSINH VALUES ('HS002', 'Trần Thị B', 'Nữ', '2008-03-15', 'TP. HCM', 'tranthib@gmail.com') ON CONFLICT DO NOTHING;
INSERT INTO HOCSINH VALUES ('HS003', 'Lê Văn C', 'Nam', '2008-07-25', 'Đồng Nai', 'levanc@gmail.com') ON CONFLICT DO NOTHING;
INSERT INTO HOCSINH VALUES ('HS004', 'Phạm Thị D', 'Nữ', '2008-05-10', 'Bình Dương', 'phamthid@gmail.com') ON CONFLICT DO NOTHING;
INSERT INTO HOCSINH VALUES ('HS005', 'Hoàng Văn E', 'Nam', '2008-11-20', 'TP. HCM', 'hoangvane@gmail.com') ON CONFLICT DO NOTHING;

-- Quá trình học (gắn học sinh vào lớp)
INSERT INTO QUATRINHHOC VALUES ('HS001', '10A1') ON CONFLICT DO NOTHING;
INSERT INTO QUATRINHHOC VALUES ('HS002', '10A1') ON CONFLICT DO NOTHING;
INSERT INTO QUATRINHHOC VALUES ('HS003', '10A1') ON CONFLICT DO NOTHING;
INSERT INTO QUATRINHHOC VALUES ('HS004', '10A2') ON CONFLICT DO NOTHING;
INSERT INTO QUATRINHHOC VALUES ('HS005', '10A2') ON CONFLICT DO NOTHING;

-- Môn học
INSERT INTO MONHOC VALUES ('MH001', 'Toán', 2) ON CONFLICT DO NOTHING;
INSERT INTO MONHOC VALUES ('MH002', 'Vật lý', 1) ON CONFLICT DO NOTHING;
INSERT INTO MONHOC VALUES ('MH003', 'Ngữ văn', 2) ON CONFLICT DO NOTHING;
INSERT INTO MONHOC VALUES ('MH004', 'Hóa học', 1) ON CONFLICT DO NOTHING;
INSERT INTO MONHOC VALUES ('MH005', 'Tiếng Anh', 2) ON CONFLICT DO NOTHING;
INSERT INTO MONHOC VALUES ('MH006', 'Sinh học', 1) ON CONFLICT DO NOTHING;
INSERT INTO MONHOC VALUES ('MH007', 'Lịch sử', 1) ON CONFLICT DO NOTHING;
INSERT INTO MONHOC VALUES ('MH008', 'Địa lý', 1) ON CONFLICT DO NOTHING;

-- Loại hình kiểm tra
INSERT INTO LOAIHINHKIEMTRA VALUES ('15P', 'Kiểm tra 15 phút', 1) ON CONFLICT DO NOTHING;
INSERT INTO LOAIHINHKIEMTRA VALUES ('1T', 'Kiểm tra 1 tiết', 2) ON CONFLICT DO NOTHING;
INSERT INTO LOAIHINHKIEMTRA VALUES ('HK', 'Thi học kỳ', 3) ON CONFLICT DO NOTHING;

-- Tham số hệ thống
INSERT INTO THAMSO VALUES ('TuoiToiThieu', '15') ON CONFLICT DO NOTHING;
INSERT INTO THAMSO VALUES ('TuoiToiDa', '20') ON CONFLICT DO NOTHING;
INSERT INTO THAMSO VALUES ('SiSoToiDa', '40') ON CONFLICT DO NOTHING;
INSERT INTO THAMSO VALUES ('DiemDatMon', '5') ON CONFLICT DO NOTHING;

-- ========================================
-- HIỂN THỊ THÔNG BÁO HOÀN TẤT
-- ========================================
SELECT 'Database đã được tạo thành công!' AS message;
